"","column_label","hour","mean_pm2_5","median_pm2_5"
"1","ry/Aoy 2 (outside) (31.75028 -106.48169) Primary ",0,6.62212455898144,4.32
"2","ry/Aoy 2 (outside) (31.75028 -106.48169) Primary ",1,8.4062252570201,5.25
"3","ry/Aoy 2 (outside) (31.75028 -106.48169) Primary ",2,11.609209187606,6.07
"4","ry/Aoy 2 (outside) (31.75028 -106.48169) Primary ",3,11.9688617886179,6.82
"5","ry/Aoy 2 (outside) (31.75028 -106.48169) Primary ",4,11.2579097605893,6.345
"6","ry/Aoy 2 (outside) (31.75028 -106.48169) Primary ",5,10.8719680687749,6.48
"7","ry/Aoy 2 (outside) (31.75028 -106.48169) Primary ",6,9.92100290920227,5.45
"8","ry/Aoy 2 (outside) (31.75028 -106.48169) Primary ",7,9.12381667688535,5.565
"9","ry/Aoy 2 (outside) (31.75028 -106.48169) Primary ",8,8.96513163972286,5.05
"10","ry/Aoy 2 (outside) (31.75028 -106.48169) Primary ",9,8.21871294731992,4.66
"11","ry/Aoy 2 (outside) (31.75028 -106.48169) Primary ",10,7.99766311892642,4.68
"12","ry/Aoy 2 (outside) (31.75028 -106.48169) Primary ",11,8.50198374980837,5.51
"13","ry/Aoy 2 (outside) (31.75028 -106.48169) Primary ",12,8.73988391629754,6.16
"14","ry/Aoy 2 (outside) (31.75028 -106.48169) Primary ",13,9.13913209273947,6.36
"15","ry/Aoy 2 (outside) (31.75028 -106.48169) Primary ",14,8.92792478894858,6.08
"16","ry/Aoy 2 (outside) (31.75028 -106.48169) Primary ",15,8.29062471078205,5.43
"17","ry/Aoy 2 (outside) (31.75028 -106.48169) Primary ",16,7.45010958481247,4.61
"18","ry/Aoy 2 (outside) (31.75028 -106.48169) Primary ",17,6.84650171714018,4.28
"19","ry/Aoy 2 (outside) (31.75028 -106.48169) Primary ",18,6.44677895708353,3.88
"20","ry/Aoy 2 (outside) (31.75028 -106.48169) Primary ",19,5.51327267166233,3.58
"21","ry/Aoy 2 (outside) (31.75028 -106.48169) Primary ",20,5.36278454367764,3.39
"22","ry/Aoy 2 (outside) (31.75028 -106.48169) Primary ",21,6.4906663671758,3.43
"23","ry/Aoy 2 (outside) (31.75028 -106.48169) Primary ",22,5.00953415218694,3.3
"24","ry/Aoy 2 (outside) (31.75028 -106.48169) Primary ",23,5.37963840777879,3.62
"25","ry/Aoy 2 B (undefined) (31.75028 -106.48169) Primary ",0,5.84516966067864,3.74
"26","ry/Aoy 2 B (undefined) (31.75028 -106.48169) Primary ",1,7.54050574712644,4.66
"27","ry/Aoy 2 B (undefined) (31.75028 -106.48169) Primary ",2,10.6781373152709,5.5
"28","ry/Aoy 2 B (undefined) (31.75028 -106.48169) Primary ",3,11.1146925318203,6.12
"29","ry/Aoy 2 B (undefined) (31.75028 -106.48169) Primary ",4,10.4481664359329,5.78
"30","ry/Aoy 2 B (undefined) (31.75028 -106.48169) Primary ",5,9.98482864607346,5.84
"31","ry/Aoy 2 B (undefined) (31.75028 -106.48169) Primary ",6,9.08428066943037,4.79
"32","ry/Aoy 2 B (undefined) (31.75028 -106.48169) Primary ",7,8.33979284947062,5.03
"33","ry/Aoy 2 B (undefined) (31.75028 -106.48169) Primary ",8,8.15332871226124,4.39
"34","ry/Aoy 2 B (undefined) (31.75028 -106.48169) Primary ",9,7.4814502529511,4.21
"35","ry/Aoy 2 B (undefined) (31.75028 -106.48169) Primary ",10,7.29850486036106,4.31
"36","ry/Aoy 2 B (undefined) (31.75028 -106.48169) Primary ",11,7.7783540802213,4.98
"37","ry/Aoy 2 B (undefined) (31.75028 -106.48169) Primary ",12,8.0154130401588,5.47
"38","ry/Aoy 2 B (undefined) (31.75028 -106.48169) Primary ",13,8.36847457627119,5.74
"39","ry/Aoy 2 B (undefined) (31.75028 -106.48169) Primary ",14,8.18615431814695,5.58
"40","ry/Aoy 2 B (undefined) (31.75028 -106.48169) Primary ",15,7.57146119426015,4.89
"41","ry/Aoy 2 B (undefined) (31.75028 -106.48169) Primary ",16,6.77689351851852,4.17
"42","ry/Aoy 2 B (undefined) (31.75028 -106.48169) Primary ",17,6.18362103948806,3.81
"43","ry/Aoy 2 B (undefined) (31.75028 -106.48169) Primary ",18,5.88105319803198,3.42
"44","ry/Aoy 2 B (undefined) (31.75028 -106.48169) Primary ",19,4.98034698868847,3
"45","ry/Aoy 2 B (undefined) (31.75028 -106.48169) Primary ",20,4.78681975606083,2.9
"46","ry/Aoy 2 B (undefined) (31.75028 -106.48169) Primary ",21,5.63161619190405,2.93
"47","ry/Aoy 2 B (undefined) (31.75028 -106.48169) Primary ",22,4.42682097378277,2.84
"48","ry/Aoy 2 B (undefined) (31.75028 -106.48169) Primary ",23,4.75169230769231,3.05
"49","ry/Aoy E.S. (outside) (31.750935 -106.481451) Primary ",0,8.89075534373195,5.025
"50","ry/Aoy E.S. (outside) (31.750935 -106.481451) Primary ",1,11.6095204983341,6.57
"51","ry/Aoy E.S. (outside) (31.750935 -106.481451) Primary ",2,15.3386865584321,8.16
"52","ry/Aoy E.S. (outside) (31.750935 -106.481451) Primary ",3,14.9434391456992,8.27
"53","ry/Aoy E.S. (outside) (31.750935 -106.481451) Primary ",4,13.6038658287051,7.88
"54","ry/Aoy E.S. (outside) (31.750935 -106.481451) Primary ",5,13.4959115457597,7.52
"55","ry/Aoy E.S. (outside) (31.750935 -106.481451) Primary ",6,13.4082959510632,7.4
"56","ry/Aoy E.S. (outside) (31.750935 -106.481451) Primary ",7,12.1633737757638,7.4
"57","ry/Aoy E.S. (outside) (31.750935 -106.481451) Primary ",8,12.0195745300889,6.63
"58","ry/Aoy E.S. (outside) (31.750935 -106.481451) Primary ",9,11.5151429822002,6.37
"59","ry/Aoy E.S. (outside) (31.750935 -106.481451) Primary ",10,11.3565304638651,6.43
"60","ry/Aoy E.S. (outside) (31.750935 -106.481451) Primary ",11,11.6062785620725,6.9
"61","ry/Aoy E.S. (outside) (31.750935 -106.481451) Primary ",12,11.839029296021,7.66
"62","ry/Aoy E.S. (outside) (31.750935 -106.481451) Primary ",13,11.6849320870454,7.84
"63","ry/Aoy E.S. (outside) (31.750935 -106.481451) Primary ",14,10.8199667293505,7.07
"64","ry/Aoy E.S. (outside) (31.750935 -106.481451) Primary ",15,9.38509096201426,5.67
"65","ry/Aoy E.S. (outside) (31.750935 -106.481451) Primary ",16,10.4930065645514,5.12
"66","ry/Aoy E.S. (outside) (31.750935 -106.481451) Primary ",17,11.0728884315743,5.33
"67","ry/Aoy E.S. (outside) (31.750935 -106.481451) Primary ",18,8.95239296187683,4.95
"68","ry/Aoy E.S. (outside) (31.750935 -106.481451) Primary ",19,7.53940348330914,4.3
"69","ry/Aoy E.S. (outside) (31.750935 -106.481451) Primary ",20,7.53457798297504,3.94
"70","ry/Aoy E.S. (outside) (31.750935 -106.481451) Primary ",21,8.09491314418066,3.91
"71","ry/Aoy E.S. (outside) (31.750935 -106.481451) Primary ",22,7.2763947633434,3.97
"72","ry/Aoy E.S. (outside) (31.750935 -106.481451) Primary ",23,8.38873569876901,4.05
"73","ry/Aoy E.S. B (undefined) (31.750935 -106.481451) Primary ",0,6.3727024291498,4.26
"74","ry/Aoy E.S. B (undefined) (31.750935 -106.481451) Primary ",1,8.10858761987794,5.23
"75","ry/Aoy E.S. B (undefined) (31.750935 -106.481451) Primary ",2,11.339307973665,6.18
"76","ry/Aoy E.S. B (undefined) (31.750935 -106.481451) Primary ",3,11.4675483021077,6.475
"77","ry/Aoy E.S. B (undefined) (31.750935 -106.481451) Primary ",4,10.9357655293088,6.17
"78","ry/Aoy E.S. B (undefined) (31.750935 -106.481451) Primary ",5,11.2450855388215,6.39
"79","ry/Aoy E.S. B (undefined) (31.750935 -106.481451) Primary ",6,10.4100480489225,5.79
"80","ry/Aoy E.S. B (undefined) (31.750935 -106.481451) Primary ",7,9.70800496930722,5.765
"81","ry/Aoy E.S. B (undefined) (31.750935 -106.481451) Primary ",8,9.69256189921352,5.125
"82","ry/Aoy E.S. B (undefined) (31.750935 -106.481451) Primary ",9,9.8357634032634,5.19
"83","ry/Aoy E.S. B (undefined) (31.750935 -106.481451) Primary ",10,10.4023728319487,5.4
"84","ry/Aoy E.S. B (undefined) (31.750935 -106.481451) Primary ",11,9.94607413893754,5.42
"85","ry/Aoy E.S. B (undefined) (31.750935 -106.481451) Primary ",12,10.9615511454837,6.64
"86","ry/Aoy E.S. B (undefined) (31.750935 -106.481451) Primary ",13,10.6019868324799,6.85
"87","ry/Aoy E.S. B (undefined) (31.750935 -106.481451) Primary ",14,9.67025210084034,6.21
"88","ry/Aoy E.S. B (undefined) (31.750935 -106.481451) Primary ",15,8.27208497017314,5.1
"89","ry/Aoy E.S. B (undefined) (31.750935 -106.481451) Primary ",16,7.25424211448598,4.42
"90","ry/Aoy E.S. B (undefined) (31.750935 -106.481451) Primary ",17,7.79469696969697,4.36
"91","ry/Aoy E.S. B (undefined) (31.750935 -106.481451) Primary ",18,6.67515169280375,4.02
"92","ry/Aoy E.S. B (undefined) (31.750935 -106.481451) Primary ",19,6.05107676679727,3.66
"93","ry/Aoy E.S. B (undefined) (31.750935 -106.481451) Primary ",20,5.60979921999133,3.42
"94","ry/Aoy E.S. B (undefined) (31.750935 -106.481451) Primary ",21,6.04093410572049,3.29
"95","ry/Aoy E.S. B (undefined) (31.750935 -106.481451) Primary ",22,4.97370231754714,3.17
"96","ry/Aoy E.S. B (undefined) (31.750935 -106.481451) Primary ",23,5.16976349390598,3.42
"97","ry/Bonham E.S. (outside) (31.786589 -106.392349) Primary ",0,145.58693627451,4.11
"98","ry/Bonham E.S. (outside) (31.786589 -106.392349) Primary ",1,156.703756539937,4.78
"99","ry/Bonham E.S. (outside) (31.786589 -106.392349) Primary ",2,165.935334852735,5.17
"100","ry/Bonham E.S. (outside) (31.786589 -106.392349) Primary ",3,170.401792008376,5.12
"101","ry/Bonham E.S. (outside) (31.786589 -106.392349) Primary ",4,199.293832752613,5.03
"102","ry/Bonham E.S. (outside) (31.786589 -106.392349) Primary ",5,229.755384883316,4.925
"103","ry/Bonham E.S. (outside) (31.786589 -106.392349) Primary ",6,233.810228064067,4.72
"104","ry/Bonham E.S. (outside) (31.786589 -106.392349) Primary ",7,233.044149529453,4.67
"105","ry/Bonham E.S. (outside) (31.786589 -106.392349) Primary ",8,236.31404986053,4.62
"106","ry/Bonham E.S. (outside) (31.786589 -106.392349) Primary ",9,248.715414634146,4.53
"107","ry/Bonham E.S. (outside) (31.786589 -106.392349) Primary ",10,251.067691368788,4.53
"108","ry/Bonham E.S. (outside) (31.786589 -106.392349) Primary ",11,251.700702212929,4.75
"109","ry/Bonham E.S. (outside) (31.786589 -106.392349) Primary ",12,251.164576212068,5.15
"110","ry/Bonham E.S. (outside) (31.786589 -106.392349) Primary ",13,251.344487804878,5.33
"111","ry/Bonham E.S. (outside) (31.786589 -106.392349) Primary ",14,250.104583333333,5.42
"112","ry/Bonham E.S. (outside) (31.786589 -106.392349) Primary ",15,250.374204644666,5.03
"113","ry/Bonham E.S. (outside) (31.786589 -106.392349) Primary ",16,229.096287258149,4.61
"114","ry/Bonham E.S. (outside) (31.786589 -106.392349) Primary ",17,187.587545296167,4.56
"115","ry/Bonham E.S. (outside) (31.786589 -106.392349) Primary ",18,146.564343434343,4.16
"116","ry/Bonham E.S. (outside) (31.786589 -106.392349) Primary ",19,144.482857641921,3.72
"117","ry/Bonham E.S. (outside) (31.786589 -106.392349) Primary ",20,144.029602869139,3.44
"118","ry/Bonham E.S. (outside) (31.786589 -106.392349) Primary ",21,143.748976103262,3.19
"119","ry/Bonham E.S. (outside) (31.786589 -106.392349) Primary ",22,144.323137048721,3.02
"120","ry/Bonham E.S. (outside) (31.786589 -106.392349) Primary ",23,143.943044614848,3.565
"121","ry/Bonham E.S. B (undefined) (31.786589 -106.392349) Primary ",0,5.82170641880042,3.95
"122","ry/Bonham E.S. B (undefined) (31.786589 -106.392349) Primary ",1,6.85553187772926,4.62
"123","ry/Bonham E.S. B (undefined) (31.786589 -106.392349) Primary ",2,8.89090781387182,5.05
"124","ry/Bonham E.S. B (undefined) (31.786589 -106.392349) Primary ",3,8.02689330543933,4.8
"125","ry/Bonham E.S. B (undefined) (31.786589 -106.392349) Primary ",4,7.41649529452771,4.52
"126","ry/Bonham E.S. B (undefined) (31.786589 -106.392349) Primary ",5,7.66165040083653,4.19
"127","ry/Bonham E.S. B (undefined) (31.786589 -106.392349) Primary ",6,7.33252659110724,4.07
"128","ry/Bonham E.S. B (undefined) (31.786589 -106.392349) Primary ",7,7.05111673355435,4.04
"129","ry/Bonham E.S. B (undefined) (31.786589 -106.392349) Primary ",8,7.50962704775183,4.12
"130","ry/Bonham E.S. B (undefined) (31.786589 -106.392349) Primary ",9,7.16778184991274,4.05
"131","ry/Bonham E.S. B (undefined) (31.786589 -106.392349) Primary ",10,6.92439134984304,4
"132","ry/Bonham E.S. B (undefined) (31.786589 -106.392349) Primary ",11,7.01569560669456,4.09
"133","ry/Bonham E.S. B (undefined) (31.786589 -106.392349) Primary ",12,7.12309677419355,4.4
"134","ry/Bonham E.S. B (undefined) (31.786589 -106.392349) Primary ",13,7.3005,4.75
"135","ry/Bonham E.S. B (undefined) (31.786589 -106.392349) Primary ",14,7.30376889661164,4.72
"136","ry/Bonham E.S. B (undefined) (31.786589 -106.392349) Primary ",15,7.00295946890287,4.505
"137","ry/Bonham E.S. B (undefined) (31.786589 -106.392349) Primary ",16,6.51630624346006,4.21
"138","ry/Bonham E.S. B (undefined) (31.786589 -106.392349) Primary ",17,6.74115042705247,4.2
"139","ry/Bonham E.S. B (undefined) (31.786589 -106.392349) Primary ",18,6.2624124106676,3.93
"140","ry/Bonham E.S. B (undefined) (31.786589 -106.392349) Primary ",19,5.12617930309928,3.6
"141","ry/Bonham E.S. B (undefined) (31.786589 -106.392349) Primary ",20,5.05033975481611,3.33
"142","ry/Bonham E.S. B (undefined) (31.786589 -106.392349) Primary ",21,4.58875196369349,3.16
"143","ry/Bonham E.S. B (undefined) (31.786589 -106.392349) Primary ",22,4.46198000701508,2.98
"144","ry/Bonham E.S. B (undefined) (31.786589 -106.392349) Primary ",23,4.86405164892689,3.43
"145","ry/Cielo Vista E.S (outside) (31.783949 -106.367783) Primary ",0,6.58924627632255,4.29
"146","ry/Cielo Vista E.S (outside) (31.783949 -106.367783) Primary ",1,7.95376845077654,4.79
"147","ry/Cielo Vista E.S (outside) (31.783949 -106.367783) Primary ",2,10.3174977451359,5.37
"148","ry/Cielo Vista E.S (outside) (31.783949 -106.367783) Primary ",3,9.74006425909266,5.61
"149","ry/Cielo Vista E.S (outside) (31.783949 -106.367783) Primary ",4,9.37441498262325,5.67
"150","ry/Cielo Vista E.S (outside) (31.783949 -106.367783) Primary ",5,9.41531639070723,5.64
"151","ry/Cielo Vista E.S (outside) (31.783949 -106.367783) Primary ",6,9.32420883637298,5.36
"152","ry/Cielo Vista E.S (outside) (31.783949 -106.367783) Primary ",7,9.07025690430315,5.32
"153","ry/Cielo Vista E.S (outside) (31.783949 -106.367783) Primary ",8,9.09669022227933,5.3
"154","ry/Cielo Vista E.S (outside) (31.783949 -106.367783) Primary ",9,8.6587946714487,5.19
"155","ry/Cielo Vista E.S (outside) (31.783949 -106.367783) Primary ",10,8.42927543679342,5.34
"156","ry/Cielo Vista E.S (outside) (31.783949 -106.367783) Primary ",11,8.48246823257605,5.47
"157","ry/Cielo Vista E.S (outside) (31.783949 -106.367783) Primary ",12,8.66709735422553,5.81
"158","ry/Cielo Vista E.S (outside) (31.783949 -106.367783) Primary ",13,8.75808799079166,5.9
"159","ry/Cielo Vista E.S (outside) (31.783949 -106.367783) Primary ",14,8.46351267859441,5.75
"160","ry/Cielo Vista E.S (outside) (31.783949 -106.367783) Primary ",15,7.92424588900308,5.12
"161","ry/Cielo Vista E.S (outside) (31.783949 -106.367783) Primary ",16,7.19375899280576,4.69
"162","ry/Cielo Vista E.S (outside) (31.783949 -106.367783) Primary ",17,6.89523447565061,4.66
"163","ry/Cielo Vista E.S (outside) (31.783949 -106.367783) Primary ",18,6.2681298399587,4.18
"164","ry/Cielo Vista E.S (outside) (31.783949 -106.367783) Primary ",19,5.81063418406806,3.82
"165","ry/Cielo Vista E.S (outside) (31.783949 -106.367783) Primary ",20,5.78114908434356,3.69
"166","ry/Cielo Vista E.S (outside) (31.783949 -106.367783) Primary ",21,5.53506762849414,3.6
"167","ry/Cielo Vista E.S (outside) (31.783949 -106.367783) Primary ",22,5.69652106687283,3.34
"168","ry/Cielo Vista E.S (outside) (31.783949 -106.367783) Primary ",23,5.71084958932238,3.77
"169","ry/Cielo Vista E.S B (undefined) (31.783949 -106.367783) Primary Rea.csv",0,5.6244709809964,3.47
"170","ry/Cielo Vista E.S B (undefined) (31.783949 -106.367783) Primary Rea.csv",1,6.72710803181935,3.81
"171","ry/Cielo Vista E.S B (undefined) (31.783949 -106.367783) Primary Rea.csv",2,8.82707247872066,4.36
"172","ry/Cielo Vista E.S B (undefined) (31.783949 -106.367783) Primary Rea.csv",3,8.27559994844697,4.47
"173","ry/Cielo Vista E.S B (undefined) (31.783949 -106.367783) Primary Rea.csv",4,7.92165895061728,4.405
"174","ry/Cielo Vista E.S B (undefined) (31.783949 -106.367783) Primary Rea.csv",5,7.9640328163056,4.4
"175","ry/Cielo Vista E.S B (undefined) (31.783949 -106.367783) Primary Rea.csv",6,7.86306793373571,4.19
"176","ry/Cielo Vista E.S B (undefined) (31.783949 -106.367783) Primary Rea.csv",7,7.69250418436977,4.16
"177","ry/Cielo Vista E.S B (undefined) (31.783949 -106.367783) Primary Rea.csv",8,7.68243031470777,4.12
"178","ry/Cielo Vista E.S B (undefined) (31.783949 -106.367783) Primary Rea.csv",9,7.21843954353122,4.07
"179","ry/Cielo Vista E.S B (undefined) (31.783949 -106.367783) Primary Rea.csv",10,7.01942235944938,4.12
"180","ry/Cielo Vista E.S B (undefined) (31.783949 -106.367783) Primary Rea.csv",11,7.0465191740413,4.24
"181","ry/Cielo Vista E.S B (undefined) (31.783949 -106.367783) Primary Rea.csv",12,7.18712378017463,4.6
"182","ry/Cielo Vista E.S B (undefined) (31.783949 -106.367783) Primary Rea.csv",13,7.27862002813659,4.68
"183","ry/Cielo Vista E.S B (undefined) (31.783949 -106.367783) Primary Rea.csv",14,7.11358485706928,4.68
"184","ry/Cielo Vista E.S B (undefined) (31.783949 -106.367783) Primary Rea.csv",15,6.74903557210736,4.27
"185","ry/Cielo Vista E.S B (undefined) (31.783949 -106.367783) Primary Rea.csv",16,6.17786604962077,4
"186","ry/Cielo Vista E.S B (undefined) (31.783949 -106.367783) Primary Rea.csv",17,5.9554584139265,3.89
"187","ry/Cielo Vista E.S B (undefined) (31.783949 -106.367783) Primary Rea.csv",18,5.40317208462332,3.49
"188","ry/Cielo Vista E.S B (undefined) (31.783949 -106.367783) Primary Rea.csv",19,4.97573178594455,3.23
"189","ry/Cielo Vista E.S B (undefined) (31.783949 -106.367783) Primary Rea.csv",20,4.9372660479505,3.07
"190","ry/Cielo Vista E.S B (undefined) (31.783949 -106.367783) Primary Rea.csv",21,4.71526410718887,3.02
"191","ry/Cielo Vista E.S B (undefined) (31.783949 -106.367783) Primary Rea.csv",22,4.92078825347759,2.81
"192","ry/Cielo Vista E.S B (undefined) (31.783949 -106.367783) Primary Rea.csv",23,4.84961227371935,3.03
"193","ry/Coldwell E.S. (outside) (31.795216 -106.442037) Primary ",0,5.186645316253,3.24
"194","ry/Coldwell E.S. (outside) (31.795216 -106.442037) Primary ",1,5.99163980285067,3.51
"195","ry/Coldwell E.S. (outside) (31.795216 -106.442037) Primary ",2,7.93845711227084,3.68
"196","ry/Coldwell E.S. (outside) (31.795216 -106.442037) Primary ",3,7.51109166221272,3.85
"197","ry/Coldwell E.S. (outside) (31.795216 -106.442037) Primary ",4,7.25218787635488,3.78
"198","ry/Coldwell E.S. (outside) (31.795216 -106.442037) Primary ",5,7.49046369087275,3.93
"199","ry/Coldwell E.S. (outside) (31.795216 -106.442037) Primary ",6,7.38881756305886,3.64
"200","ry/Coldwell E.S. (outside) (31.795216 -106.442037) Primary ",7,7.05224315297261,3.62
"201","ry/Coldwell E.S. (outside) (31.795216 -106.442037) Primary ",8,7.12062708918305,3.59
"202","ry/Coldwell E.S. (outside) (31.795216 -106.442037) Primary ",9,6.82739043292357,3.59
"203","ry/Coldwell E.S. (outside) (31.795216 -106.442037) Primary ",10,6.66615970089465,3.61
"204","ry/Coldwell E.S. (outside) (31.795216 -106.442037) Primary ",11,6.69394048572191,3.86
"205","ry/Coldwell E.S. (outside) (31.795216 -106.442037) Primary ",12,7.14378670581954,4.4
"206","ry/Coldwell E.S. (outside) (31.795216 -106.442037) Primary ",13,7.77504454194921,4.5
"207","ry/Coldwell E.S. (outside) (31.795216 -106.442037) Primary ",14,7.15296750133191,4.59
"208","ry/Coldwell E.S. (outside) (31.795216 -106.442037) Primary ",15,6.95645480037388,4.07
"209","ry/Coldwell E.S. (outside) (31.795216 -106.442037) Primary ",16,6.29091894060995,3.595
"210","ry/Coldwell E.S. (outside) (31.795216 -106.442037) Primary ",17,6.59758712423517,3.42
"211","ry/Coldwell E.S. (outside) (31.795216 -106.442037) Primary ",18,5.4662658312225,3.06
"212","ry/Coldwell E.S. (outside) (31.795216 -106.442037) Primary ",19,4.72120896717374,2.88
"213","ry/Coldwell E.S. (outside) (31.795216 -106.442037) Primary ",20,4.59057165753974,2.71
"214","ry/Coldwell E.S. (outside) (31.795216 -106.442037) Primary ",21,4.99215953047886,2.68
"215","ry/Coldwell E.S. (outside) (31.795216 -106.442037) Primary ",22,4.08028453112477,2.56
"216","ry/Coldwell E.S. (outside) (31.795216 -106.442037) Primary ",23,4.34870649419923,2.72
"217","ry/Coldwell E.S. B (undefined) (31.795216 -106.442037) Primary ",0,5.03736125933831,3.1
"218","ry/Coldwell E.S. B (undefined) (31.795216 -106.442037) Primary ",1,5.93654615795091,3.42
"219","ry/Coldwell E.S. B (undefined) (31.795216 -106.442037) Primary ",2,7.867046854083,3.64
"220","ry/Coldwell E.S. B (undefined) (31.795216 -106.442037) Primary ",3,7.58144937216137,3.93
"221","ry/Coldwell E.S. B (undefined) (31.795216 -106.442037) Primary ",4,7.39545624582498,3.95
"222","ry/Coldwell E.S. B (undefined) (31.795216 -106.442037) Primary ",5,7.51555985070648,3.91
"223","ry/Coldwell E.S. B (undefined) (31.795216 -106.442037) Primary ",6,7.33850973073847,3.595
"224","ry/Coldwell E.S. B (undefined) (31.795216 -106.442037) Primary ",7,7.06236627984527,3.59
"225","ry/Coldwell E.S. B (undefined) (31.795216 -106.442037) Primary ",8,7.11450493728316,3.57
"226","ry/Coldwell E.S. B (undefined) (31.795216 -106.442037) Primary ",9,6.85113527214514,3.62
"227","ry/Coldwell E.S. B (undefined) (31.795216 -106.442037) Primary ",10,6.69680085310584,3.61
"228","ry/Coldwell E.S. B (undefined) (31.795216 -106.442037) Primary ",11,6.70434649239797,3.81
"229","ry/Coldwell E.S. B (undefined) (31.795216 -106.442037) Primary ",12,6.929598452508,4.23
"230","ry/Coldwell E.S. B (undefined) (31.795216 -106.442037) Primary ",13,7.28779829922934,4.45
"231","ry/Coldwell E.S. B (undefined) (31.795216 -106.442037) Primary ",14,7.08592592592593,4.58
"232","ry/Coldwell E.S. B (undefined) (31.795216 -106.442037) Primary ",15,6.80426148504274,4.07
"233","ry/Coldwell E.S. B (undefined) (31.795216 -106.442037) Primary ",16,6.17931620500468,3.55
"234","ry/Coldwell E.S. B (undefined) (31.795216 -106.442037) Primary ",17,6.48612280234417,3.39
"235","ry/Coldwell E.S. B (undefined) (31.795216 -106.442037) Primary ",18,5.33578806886427,3.04
"236","ry/Coldwell E.S. B (undefined) (31.795216 -106.442037) Primary ",19,4.6442839983985,2.85
"237","ry/Coldwell E.S. B (undefined) (31.795216 -106.442037) Primary ",20,4.58181769651675,2.75
"238","ry/Coldwell E.S. B (undefined) (31.795216 -106.442037) Primary ",21,4.9822257806245,2.71
"239","ry/Coldwell E.S. B (undefined) (31.795216 -106.442037) Primary ",22,4.1358090787717,2.615
"240","ry/Coldwell E.S. B (undefined) (31.795216 -106.442037) Primary ",23,4.23983980776932,2.66
"241","ry/Douglass E.S. (outside) (31.766496 -106.464951) Primary ",0,5.528387785038,3.58
"242","ry/Douglass E.S. (outside) (31.766496 -106.464951) Primary ",1,6.63276391298545,4.17
"243","ry/Douglass E.S. (outside) (31.766496 -106.464951) Primary ",2,9.32140040241449,4.91
"244","ry/Douglass E.S. (outside) (31.766496 -106.464951) Primary ",3,8.95360187040748,5.05
"245","ry/Douglass E.S. (outside) (31.766496 -106.464951) Primary ",4,8.46775758385674,4.88
"246","ry/Douglass E.S. (outside) (31.766496 -106.464951) Primary ",5,8.87676297485286,5.045
"247","ry/Douglass E.S. (outside) (31.766496 -106.464951) Primary ",6,8.76142342582711,4.86
"248","ry/Douglass E.S. (outside) (31.766496 -106.464951) Primary ",7,8.14662172984517,4.8
"249","ry/Douglass E.S. (outside) (31.766496 -106.464951) Primary ",8,8.08625384512505,4.52
"250","ry/Douglass E.S. (outside) (31.766496 -106.464951) Primary ",9,7.73501869158878,4.44
"251","ry/Douglass E.S. (outside) (31.766496 -106.464951) Primary ",10,7.2328496993988,4.33
"252","ry/Douglass E.S. (outside) (31.766496 -106.464951) Primary ",11,7.20971955128205,4.41
"253","ry/Douglass E.S. (outside) (31.766496 -106.464951) Primary ",12,7.38906533333333,4.91
"254","ry/Douglass E.S. (outside) (31.766496 -106.464951) Primary ",13,7.82353082146186,5.28
"255","ry/Douglass E.S. (outside) (31.766496 -106.464951) Primary ",14,7.63844429619746,5
"256","ry/Douglass E.S. (outside) (31.766496 -106.464951) Primary ",15,7.32918652642791,4.51
"257","ry/Douglass E.S. (outside) (31.766496 -106.464951) Primary ",16,6.81571923281833,4.09
"258","ry/Douglass E.S. (outside) (31.766496 -106.464951) Primary ",17,6.58843733261917,4.05
"259","ry/Douglass E.S. (outside) (31.766496 -106.464951) Primary ",18,6.11838213664928,3.68
"260","ry/Douglass E.S. (outside) (31.766496 -106.464951) Primary ",19,5.29357779848263,3.31
"261","ry/Douglass E.S. (outside) (31.766496 -106.464951) Primary ",20,5.00823497925866,3.09
"262","ry/Douglass E.S. (outside) (31.766496 -106.464951) Primary ",21,4.75046112600536,3.05
"263","ry/Douglass E.S. (outside) (31.766496 -106.464951) Primary ",22,5.16303964757709,3.02
"264","ry/Douglass E.S. (outside) (31.766496 -106.464951) Primary ",23,4.72219808051186,3.05
"265","ry/Douglass E.S. B (undefined) (31.766496 -106.464951) Primary ",0,6.14120533333333,3.61
"266","ry/Douglass E.S. B (undefined) (31.766496 -106.464951) Primary ",1,7.03942245989305,4.155
"267","ry/Douglass E.S. B (undefined) (31.766496 -106.464951) Primary ",2,9.75286136089116,4.86
"268","ry/Douglass E.S. B (undefined) (31.766496 -106.464951) Primary ",3,9.05456890790001,4.89
"269","ry/Douglass E.S. B (undefined) (31.766496 -106.464951) Primary ",4,8.43061581619022,4.69
"270","ry/Douglass E.S. B (undefined) (31.766496 -106.464951) Primary ",5,8.7553173860751,4.86
"271","ry/Douglass E.S. B (undefined) (31.766496 -106.464951) Primary ",6,8.64654103180968,4.725
"272","ry/Douglass E.S. B (undefined) (31.766496 -106.464951) Primary ",7,8.05543948704248,4.56
"273","ry/Douglass E.S. B (undefined) (31.766496 -106.464951) Primary ",8,8.00579799331104,4.32
"274","ry/Douglass E.S. B (undefined) (31.766496 -106.464951) Primary ",9,7.76896514888503,4.26
"275","ry/Douglass E.S. B (undefined) (31.766496 -106.464951) Primary ",10,7.16749365736413,4.02
"276","ry/Douglass E.S. B (undefined) (31.766496 -106.464951) Primary ",11,7.13606717516392,4.24
"277","ry/Douglass E.S. B (undefined) (31.766496 -106.464951) Primary ",12,7.25146968687542,4.68
"278","ry/Douglass E.S. B (undefined) (31.766496 -106.464951) Primary ",13,7.71844411882243,5
"279","ry/Douglass E.S. B (undefined) (31.766496 -106.464951) Primary ",14,7.47338980789755,4.76
"280","ry/Douglass E.S. B (undefined) (31.766496 -106.464951) Primary ",15,7.25324543880676,4.31
"281","ry/Douglass E.S. B (undefined) (31.766496 -106.464951) Primary ",16,6.84319690707906,3.92
"282","ry/Douglass E.S. B (undefined) (31.766496 -106.464951) Primary ",17,6.91600160578081,4.04
"283","ry/Douglass E.S. B (undefined) (31.766496 -106.464951) Primary ",18,6.29312140275733,3.8
"284","ry/Douglass E.S. B (undefined) (31.766496 -106.464951) Primary ",19,5.61881529850746,3.41
"285","ry/Douglass E.S. B (undefined) (31.766496 -106.464951) Primary ",20,5.37154577087794,3.13
"286","ry/Douglass E.S. B (undefined) (31.766496 -106.464951) Primary ",21,5.31094018240343,3.17
"287","ry/Douglass E.S. B (undefined) (31.766496 -106.464951) Primary ",22,5.87306313536651,3.07
"288","ry/Douglass E.S. B (undefined) (31.766496 -106.464951) Primary ",23,5.44154995331466,3.2
"289","ry/Hawkins E.S (outside) (31.777423 -106.419229) Primary ",0,5.76813921172309,3.55
"290","ry/Hawkins E.S (outside) (31.777423 -106.419229) Primary ",1,6.8173607748184,3.95
"291","ry/Hawkins E.S (outside) (31.777423 -106.419229) Primary ",2,9.10705523002119,4.66
"292","ry/Hawkins E.S (outside) (31.777423 -106.419229) Primary ",3,9.04744165730688,4.9
"293","ry/Hawkins E.S (outside) (31.777423 -106.419229) Primary ",4,8.74665700969896,5
"294","ry/Hawkins E.S (outside) (31.777423 -106.419229) Primary ",5,9.06641396825397,5.11
"295","ry/Hawkins E.S (outside) (31.777423 -106.419229) Primary ",6,8.56829525483304,4.66
"296","ry/Hawkins E.S (outside) (31.777423 -106.419229) Primary ",7,8.0320098400984,4.47
"297","ry/Hawkins E.S (outside) (31.777423 -106.419229) Primary ",8,8.02015794669299,4.325
"298","ry/Hawkins E.S (outside) (31.777423 -106.419229) Primary ",9,7.50119823572654,4.12
"299","ry/Hawkins E.S (outside) (31.777423 -106.419229) Primary ",10,7.19106903689273,4.09
"300","ry/Hawkins E.S (outside) (31.777423 -106.419229) Primary ",11,7.37785538914805,4.38
"301","ry/Hawkins E.S (outside) (31.777423 -106.419229) Primary ",12,7.63410981896655,4.87
"302","ry/Hawkins E.S (outside) (31.777423 -106.419229) Primary ",13,7.67715839808727,4.96
"303","ry/Hawkins E.S (outside) (31.777423 -106.419229) Primary ",14,7.92168510638298,5.19
"304","ry/Hawkins E.S (outside) (31.777423 -106.419229) Primary ",15,7.80274249201278,4.78
"305","ry/Hawkins E.S (outside) (31.777423 -106.419229) Primary ",16,7.08696321751305,4.23
"306","ry/Hawkins E.S (outside) (31.777423 -106.419229) Primary ",17,6.79120511495738,4.18
"307","ry/Hawkins E.S (outside) (31.777423 -106.419229) Primary ",18,6.40796231771842,3.8
"308","ry/Hawkins E.S (outside) (31.777423 -106.419229) Primary ",19,5.8906127954779,3.515
"309","ry/Hawkins E.S (outside) (31.777423 -106.419229) Primary ",20,5.44150637755102,3.22
"310","ry/Hawkins E.S (outside) (31.777423 -106.419229) Primary ",21,5.07871066377883,3.07
"311","ry/Hawkins E.S (outside) (31.777423 -106.419229) Primary ",22,5.02138588684043,2.85
"312","ry/Hawkins E.S (outside) (31.777423 -106.419229) Primary ",23,4.95113730929265,3.11
"313","ry/Hawkins E.S B (undefined) (31.777423 -106.419229) Primary ",0,5.99848519362187,3.34
"314","ry/Hawkins E.S B (undefined) (31.777423 -106.419229) Primary ",1,7.13710546475996,3.78
"315","ry/Hawkins E.S B (undefined) (31.777423 -106.419229) Primary ",2,9.28583551728441,4.74
"316","ry/Hawkins E.S B (undefined) (31.777423 -106.419229) Primary ",3,9.7367978443414,5.31
"317","ry/Hawkins E.S B (undefined) (31.777423 -106.419229) Primary ",4,9.71585690934239,5.51
"318","ry/Hawkins E.S B (undefined) (31.777423 -106.419229) Primary ",5,9.98127078837121,5.44
"319","ry/Hawkins E.S B (undefined) (31.777423 -106.419229) Primary ",6,9.6650835532102,5.21
"320","ry/Hawkins E.S B (undefined) (31.777423 -106.419229) Primary ",7,9.3267534229678,5.05
"321","ry/Hawkins E.S B (undefined) (31.777423 -106.419229) Primary ",8,9.42824117501851,4.795
"322","ry/Hawkins E.S B (undefined) (31.777423 -106.419229) Primary ",9,9.10884013688585,4.79
"323","ry/Hawkins E.S B (undefined) (31.777423 -106.419229) Primary ",10,8.25955187530443,4.56
"324","ry/Hawkins E.S B (undefined) (31.777423 -106.419229) Primary ",11,8.74584100110416,4.98
"325","ry/Hawkins E.S B (undefined) (31.777423 -106.419229) Primary ",12,8.87186839577329,5.32
"326","ry/Hawkins E.S B (undefined) (31.777423 -106.419229) Primary ",13,8.79168022004305,5.62
"327","ry/Hawkins E.S B (undefined) (31.777423 -106.419229) Primary ",14,8.64070993667803,5.57
"328","ry/Hawkins E.S B (undefined) (31.777423 -106.419229) Primary ",15,8.34090897452311,5.07
"329","ry/Hawkins E.S B (undefined) (31.777423 -106.419229) Primary ",16,7.39063254159787,4.34
"330","ry/Hawkins E.S B (undefined) (31.777423 -106.419229) Primary ",17,6.62709953343701,4.03
"331","ry/Hawkins E.S B (undefined) (31.777423 -106.419229) Primary ",18,6.20644536295531,3.59
"332","ry/Hawkins E.S B (undefined) (31.777423 -106.419229) Primary ",19,5.70211258534072,3.19
"333","ry/Hawkins E.S B (undefined) (31.777423 -106.419229) Primary ",20,5.232034416826,2.83
"334","ry/Hawkins E.S B (undefined) (31.777423 -106.419229) Primary ",21,4.94690212549319,2.8
"335","ry/Hawkins E.S B (undefined) (31.777423 -106.419229) Primary ",22,5.1157987037743,2.62
"336","ry/Hawkins E.S B (undefined) (31.777423 -106.419229) Primary ",23,4.95409670496149,2.82
"337","ry/Mesita E.S (outside) (31.783542 -106.50389) Primary ",0,5.26241106719368,3.32
"338","ry/Mesita E.S (outside) (31.783542 -106.50389) Primary ",1,6.23562035661218,3.71
"339","ry/Mesita E.S (outside) (31.783542 -106.50389) Primary ",2,8.48835413027202,4.17
"340","ry/Mesita E.S (outside) (31.783542 -106.50389) Primary ",3,8.23611786600496,4.12
"341","ry/Mesita E.S (outside) (31.783542 -106.50389) Primary ",4,7.72011205179283,4.085
"342","ry/Mesita E.S (outside) (31.783542 -106.50389) Primary ",5,7.78011796845896,3.93
"343","ry/Mesita E.S (outside) (31.783542 -106.50389) Primary ",6,7.57188632414991,4.03
"344","ry/Mesita E.S (outside) (31.783542 -106.50389) Primary ",7,7.15278798411122,3.84
"345","ry/Mesita E.S (outside) (31.783542 -106.50389) Primary ",8,7.48310447761194,3.73
"346","ry/Mesita E.S (outside) (31.783542 -106.50389) Primary ",9,7.1223820754717,3.49
"347","ry/Mesita E.S (outside) (31.783542 -106.50389) Primary ",10,6.83117457164142,3.55
"348","ry/Mesita E.S (outside) (31.783542 -106.50389) Primary ",11,6.55740869998754,3.5
"349","ry/Mesita E.S (outside) (31.783542 -106.50389) Primary ",12,6.53007322824873,3.79
"350","ry/Mesita E.S (outside) (31.783542 -106.50389) Primary ",13,6.85381170357541,3.95
"351","ry/Mesita E.S (outside) (31.783542 -106.50389) Primary ",14,7.00089770613763,4.08
"352","ry/Mesita E.S (outside) (31.783542 -106.50389) Primary ",15,6.74432057475536,3.95
"353","ry/Mesita E.S (outside) (31.783542 -106.50389) Primary ",16,6.55913248233982,3.85
"354","ry/Mesita E.S (outside) (31.783542 -106.50389) Primary ",17,6.65297687142502,3.72
"355","ry/Mesita E.S (outside) (31.783542 -106.50389) Primary ",18,5.74730759682224,3.43
"356","ry/Mesita E.S (outside) (31.783542 -106.50389) Primary ",19,5.38164156998272,3.035
"357","ry/Mesita E.S (outside) (31.783542 -106.50389) Primary ",20,5.13164109488155,2.93
"358","ry/Mesita E.S (outside) (31.783542 -106.50389) Primary ",21,4.55958808385436,2.8
"359","ry/Mesita E.S (outside) (31.783542 -106.50389) Primary ",22,4.22925903170312,2.69
"360","ry/Mesita E.S (outside) (31.783542 -106.50389) Primary ",23,4.41726377952756,2.84
"361","ry/Mesita E.S B (undefined) (31.783542 -106.50389) Primary ",0,5.87590516176834,3.6
"362","ry/Mesita E.S B (undefined) (31.783542 -106.50389) Primary ",1,7.09069678217822,3.9
"363","ry/Mesita E.S B (undefined) (31.783542 -106.50389) Primary ",2,9.11822920563661,4.29
"364","ry/Mesita E.S B (undefined) (31.783542 -106.50389) Primary ",3,8.75362205700124,4.28
"365","ry/Mesita E.S B (undefined) (31.783542 -106.50389) Primary ",4,8.21536921929388,4.245
"366","ry/Mesita E.S B (undefined) (31.783542 -106.50389) Primary ",5,8.23506217358866,4.17
"367","ry/Mesita E.S B (undefined) (31.783542 -106.50389) Primary ",6,8.04172465208748,4.215
"368","ry/Mesita E.S B (undefined) (31.783542 -106.50389) Primary ",7,7.60253199155175,3.96
"369","ry/Mesita E.S B (undefined) (31.783542 -106.50389) Primary ",8,7.92655865921788,3.84
"370","ry/Mesita E.S B (undefined) (31.783542 -106.50389) Primary ",9,7.52990182676774,3.6
"371","ry/Mesita E.S B (undefined) (31.783542 -106.50389) Primary ",10,7.23187531048187,3.61
"372","ry/Mesita E.S B (undefined) (31.783542 -106.50389) Primary ",11,6.96707627118644,3.63
"373","ry/Mesita E.S B (undefined) (31.783542 -106.50389) Primary ",12,6.93953113371372,3.905
"374","ry/Mesita E.S B (undefined) (31.783542 -106.50389) Primary ",13,7.31093374613003,4.11
"375","ry/Mesita E.S B (undefined) (31.783542 -106.50389) Primary ",14,7.4404191468254,4.19
"376","ry/Mesita E.S B (undefined) (31.783542 -106.50389) Primary ",15,7.15979809240679,4.08
"377","ry/Mesita E.S B (undefined) (31.783542 -106.50389) Primary ",16,6.8612244392118,3.9
"378","ry/Mesita E.S B (undefined) (31.783542 -106.50389) Primary ",17,7.02753574536864,3.89
"379","ry/Mesita E.S B (undefined) (31.783542 -106.50389) Primary ",18,6.11913399503722,3.575
"380","ry/Mesita E.S B (undefined) (31.783542 -106.50389) Primary ",19,5.76002593553168,3.21
"381","ry/Mesita E.S B (undefined) (31.783542 -106.50389) Primary ",20,5.43601891659501,3.18
"382","ry/Mesita E.S B (undefined) (31.783542 -106.50389) Primary ",21,4.94998895976448,3.05
"383","ry/Mesita E.S B (undefined) (31.783542 -106.50389) Primary ",22,4.5609460621698,2.88
"384","ry/Mesita E.S B (undefined) (31.783542 -106.50389) Primary ",23,4.78090372556252,3.05
"385","ry/Park 2 (outside) (31.85633 -106.450588) Primary ",0,5.95911688311688,3.57
"386","ry/Park 2 (outside) (31.85633 -106.450588) Primary ",1,6.5635598818008,3.65
"387","ry/Park 2 (outside) (31.85633 -106.450588) Primary ",2,NA,NA
"388","ry/Park 2 (outside) (31.85633 -106.450588) Primary ",3,NA,NA
"389","ry/Park 2 (outside) (31.85633 -106.450588) Primary ",4,7.17239164490862,3.63
"390","ry/Park 2 (outside) (31.85633 -106.450588) Primary ",5,7.7303252173913,3.805
"391","ry/Park 2 (outside) (31.85633 -106.450588) Primary ",6,7.59764890282132,3.79
"392","ry/Park 2 (outside) (31.85633 -106.450588) Primary ",7,7.29175139275766,3.78
"393","ry/Park 2 (outside) (31.85633 -106.450588) Primary ",8,7.85359050445104,3.69
"394","ry/Park 2 (outside) (31.85633 -106.450588) Primary ",9,7.7172181372549,3.78
"395","ry/Park 2 (outside) (31.85633 -106.450588) Primary ",10,7.7657155353394,4.23
"396","ry/Park 2 (outside) (31.85633 -106.450588) Primary ",11,7.55189293212036,4.29
"397","ry/Park 2 (outside) (31.85633 -106.450588) Primary ",12,7.31799965028851,4.43
"398","ry/Park 2 (outside) (31.85633 -106.450588) Primary ",13,7.54347149352921,4.645
"399","ry/Park 2 (outside) (31.85633 -106.450588) Primary ",14,7.58762996674252,4.71
"400","ry/Park 2 (outside) (31.85633 -106.450588) Primary ",15,7.65147296348315,4.63
"401","ry/Park 2 (outside) (31.85633 -106.450588) Primary ",16,7.20274626865672,4.45
"402","ry/Park 2 (outside) (31.85633 -106.450588) Primary ",17,6.54146375791696,4.325
"403","ry/Park 2 (outside) (31.85633 -106.450588) Primary ",18,6.01845923049771,3.98
"404","ry/Park 2 (outside) (31.85633 -106.450588) Primary ",19,5.21154877403422,3.47
"405","ry/Park 2 (outside) (31.85633 -106.450588) Primary ",20,4.95520661157025,3.13
"406","ry/Park 2 (outside) (31.85633 -106.450588) Primary ",21,4.81448915325402,3.05
"407","ry/Park 2 (outside) (31.85633 -106.450588) Primary ",22,5.09133240804996,2.8
"408","ry/Park 2 (outside) (31.85633 -106.450588) Primary ",23,5.36200626413781,3.05
"409","ry/Park 2 B (undefined) (31.85633 -106.450588) Primary ",0,6.28358578856152,3.95
"410","ry/Park 2 B (undefined) (31.85633 -106.450588) Primary ",1,6.85373087621697,4.145
"411","ry/Park 2 B (undefined) (31.85633 -106.450588) Primary ",2,8.66914470239134,4.25
"412","ry/Park 2 B (undefined) (31.85633 -106.450588) Primary ",3,7.91053356582389,4.12
"413","ry/Park 2 B (undefined) (31.85633 -106.450588) Primary ",4,7.41196030640669,3.955
"414","ry/Park 2 B (undefined) (31.85633 -106.450588) Primary ",5,7.94019491820397,4.21
"415","ry/Park 2 B (undefined) (31.85633 -106.450588) Primary ",6,7.76769846796657,4.115
"416","ry/Park 2 B (undefined) (31.85633 -106.450588) Primary ",7,7.47794630404463,4.085
"417","ry/Park 2 B (undefined) (31.85633 -106.450588) Primary ",8,8.00830715532286,4.06
"418","ry/Park 2 B (undefined) (31.85633 -106.450588) Primary ",9,7.87866433566434,4.05
"419","ry/Park 2 B (undefined) (31.85633 -106.450588) Primary ",10,7.96709406200736,4.47
"420","ry/Park 2 B (undefined) (31.85633 -106.450588) Primary ",11,7.83256208464498,4.66
"421","ry/Park 2 B (undefined) (31.85633 -106.450588) Primary ",12,7.54732655921514,4.74
"422","ry/Park 2 B (undefined) (31.85633 -106.450588) Primary ",13,7.75849291090495,4.95
"423","ry/Park 2 B (undefined) (31.85633 -106.450588) Primary ",14,7.748728100911,5
"424","ry/Park 2 B (undefined) (31.85633 -106.450588) Primary ",15,7.72789991220369,4.86
"425","ry/Park 2 B (undefined) (31.85633 -106.450588) Primary ",16,7.35532665964173,4.72
"426","ry/Park 2 B (undefined) (31.85633 -106.450588) Primary ",17,6.76130763815558,4.55
"427","ry/Park 2 B (undefined) (31.85633 -106.450588) Primary ",18,6.2671655488881,4.305
"428","ry/Park 2 B (undefined) (31.85633 -106.450588) Primary ",19,5.49443777581642,3.79
"429","ry/Park 2 B (undefined) (31.85633 -106.450588) Primary ",20,5.24424199788955,3.475
"430","ry/Park 2 B (undefined) (31.85633 -106.450588) Primary ",21,5.12631256562828,3.39
"431","ry/Park 2 B (undefined) (31.85633 -106.450588) Primary ",22,5.39127215849844,3.145
"432","ry/Park 2 B (undefined) (31.85633 -106.450588) Primary ",23,5.71783689793079,3.44
"433","ry/Park E.S (outside) (31.856959 -106.450607) Primary ",0,5.44792616580311,3.17
"434","ry/Park E.S (outside) (31.856959 -106.450607) Primary ",1,6.07846453118921,3.4
"435","ry/Park E.S (outside) (31.856959 -106.450607) Primary ",2,7.63025517510741,3.31
"436","ry/Park E.S (outside) (31.856959 -106.450607) Primary ",3,7.1291716437289,3.12
"437","ry/Park E.S (outside) (31.856959 -106.450607) Primary ",4,6.59606748864374,2.88
"438","ry/Park E.S (outside) (31.856959 -106.450607) Primary ",5,6.73474879916915,3.02
"439","ry/Park E.S (outside) (31.856959 -106.450607) Primary ",6,6.77063578564941,2.95
"440","ry/Park E.S (outside) (31.856959 -106.450607) Primary ",7,6.48712005191434,3.03
"441","ry/Park E.S (outside) (31.856959 -106.450607) Primary ",8,6.81678269905183,2.95
"442","ry/Park E.S (outside) (31.856959 -106.450607) Primary ",9,6.43799766567242,2.95
"443","ry/Park E.S (outside) (31.856959 -106.450607) Primary ",10,6.50224458003375,3.31
"444","ry/Park E.S (outside) (31.856959 -106.450607) Primary ",11,6.60977795091547,3.43
"445","ry/Park E.S (outside) (31.856959 -106.450607) Primary ",12,6.41008548115529,3.63
"446","ry/Park E.S (outside) (31.856959 -106.450607) Primary ",13,6.47171913460293,3.73
"447","ry/Park E.S (outside) (31.856959 -106.450607) Primary ",14,6.34582222797257,3.69
"448","ry/Park E.S (outside) (31.856959 -106.450607) Primary ",15,6.31078068358364,3.61
"449","ry/Park E.S (outside) (31.856959 -106.450607) Primary ",16,5.86363931025541,3.3
"450","ry/Park E.S (outside) (31.856959 -106.450607) Primary ",17,6.01240807871569,3.14
"451","ry/Park E.S (outside) (31.856959 -106.450607) Primary ",18,5.1579410236425,2.97
"452","ry/Park E.S (outside) (31.856959 -106.450607) Primary ",19,4.43578803641092,2.705
"453","ry/Park E.S (outside) (31.856959 -106.450607) Primary ",20,4.25564405240628,2.46
"454","ry/Park E.S (outside) (31.856959 -106.450607) Primary ",21,4.71079958327907,2.43
"455","ry/Park E.S (outside) (31.856959 -106.450607) Primary ",22,4.1500922197688,2.33
"456","ry/Park E.S (outside) (31.856959 -106.450607) Primary ",23,4.28121897335932,2.53
"457","ry/Park E.S B (undefined) (31.856959 -106.450607) Primary ",0,5.58213878080415,3.31
"458","ry/Park E.S B (undefined) (31.856959 -106.450607) Primary ",1,6.70010116731518,3.83
"459","ry/Park E.S B (undefined) (31.856959 -106.450607) Primary ",2,8.26014725045609,3.72
"460","ry/Park E.S B (undefined) (31.856959 -106.450607) Primary ",3,8.03029106029106,3.68
"461","ry/Park E.S B (undefined) (31.856959 -106.450607) Primary ",4,7.67213283077723,3.61
"462","ry/Park E.S B (undefined) (31.856959 -106.450607) Primary ",5,8.01678636245787,3.85
"463","ry/Park E.S B (undefined) (31.856959 -106.450607) Primary ",6,7.63395738599454,3.69
"464","ry/Park E.S B (undefined) (31.856959 -106.450607) Primary ",7,7.73250422132744,3.76
"465","ry/Park E.S B (undefined) (31.856959 -106.450607) Primary ",8,7.76971829157471,3.47
"466","ry/Park E.S B (undefined) (31.856959 -106.450607) Primary ",9,7.53408725006492,3.59
"467","ry/Park E.S B (undefined) (31.856959 -106.450607) Primary ",10,7.44350506099144,4
"468","ry/Park E.S B (undefined) (31.856959 -106.450607) Primary ",11,7.52662943239382,4.2
"469","ry/Park E.S B (undefined) (31.856959 -106.450607) Primary ",12,7.17861197511664,4.33
"470","ry/Park E.S B (undefined) (31.856959 -106.450607) Primary ",13,7.29633091662351,4.37
"471","ry/Park E.S B (undefined) (31.856959 -106.450607) Primary ",14,7.21372767279317,4.41
"472","ry/Park E.S B (undefined) (31.856959 -106.450607) Primary ",15,6.99097450498253,4.07
"473","ry/Park E.S B (undefined) (31.856959 -106.450607) Primary ",16,6.425960591133,3.77
"474","ry/Park E.S B (undefined) (31.856959 -106.450607) Primary ",17,6.44515022015022,3.52
"475","ry/Park E.S B (undefined) (31.856959 -106.450607) Primary ",18,5.41452229299363,3.32
"476","ry/Park E.S B (undefined) (31.856959 -106.450607) Primary ",19,4.65785491419657,3.03
"477","ry/Park E.S B (undefined) (31.856959 -106.450607) Primary ",20,4.49086195722618,2.81
"478","ry/Park E.S B (undefined) (31.856959 -106.450607) Primary ",21,4.9047314911366,2.73
"479","ry/Park E.S B (undefined) (31.856959 -106.450607) Primary ",22,4.23102600780234,2.54
"480","ry/Park E.S B (undefined) (31.856959 -106.450607) Primary ",23,4.4245810564663,2.78
"481","ry/Western Hills E.S (outside) (31.84122 -106.522755) Primary ",0,4.65730952380952,2.91
"482","ry/Western Hills E.S (outside) (31.84122 -106.522755) Primary ",1,5.24473202170963,2.9
"483","ry/Western Hills E.S (outside) (31.84122 -106.522755) Primary ",2,6.98565649640041,3.07
"484","ry/Western Hills E.S (outside) (31.84122 -106.522755) Primary ",3,6.24908559642489,2.92
"485","ry/Western Hills E.S (outside) (31.84122 -106.522755) Primary ",4,5.59995554795692,2.69
"486","ry/Western Hills E.S (outside) (31.84122 -106.522755) Primary ",5,5.94830997949419,2.6
"487","ry/Western Hills E.S (outside) (31.84122 -106.522755) Primary ",6,5.9008992195453,2.68
"488","ry/Western Hills E.S (outside) (31.84122 -106.522755) Primary ",7,5.62696157735086,2.64
"489","ry/Western Hills E.S (outside) (31.84122 -106.522755) Primary ",8,5.90797025519689,2.74
"490","ry/Western Hills E.S (outside) (31.84122 -106.522755) Primary ",9,5.85987652232747,2.79
"491","ry/Western Hills E.S (outside) (31.84122 -106.522755) Primary ",10,5.56361364403918,2.62
"492","ry/Western Hills E.S (outside) (31.84122 -106.522755) Primary ",11,5.53864671880313,2.86
"493","ry/Western Hills E.S (outside) (31.84122 -106.522755) Primary ",12,5.37317044100119,2.93
"494","ry/Western Hills E.S (outside) (31.84122 -106.522755) Primary ",13,5.54375900787665,3.02
"495","ry/Western Hills E.S (outside) (31.84122 -106.522755) Primary ",14,5.58057917019475,3.07
"496","ry/Western Hills E.S (outside) (31.84122 -106.522755) Primary ",15,5.33546398891967,3.17
"497","ry/Western Hills E.S (outside) (31.84122 -106.522755) Primary ",16,5.52162642521797,3.17
"498","ry/Western Hills E.S (outside) (31.84122 -106.522755) Primary ",17,5.27199038780245,3.2
"499","ry/Western Hills E.S (outside) (31.84122 -106.522755) Primary ",18,4.24691858525192,2.86
"500","ry/Western Hills E.S (outside) (31.84122 -106.522755) Primary ",19,3.9081271791466,2.45
"501","ry/Western Hills E.S (outside) (31.84122 -106.522755) Primary ",20,4.17754546971467,2.28
"502","ry/Western Hills E.S (outside) (31.84122 -106.522755) Primary ",21,3.73142089759141,2.34
"503","ry/Western Hills E.S (outside) (31.84122 -106.522755) Primary ",22,3.6452208630649,2.3
"504","ry/Western Hills E.S (outside) (31.84122 -106.522755) Primary ",23,3.87390643472386,2.47
"505","ry/Western Hills E.S B (undefined) (31.84122 -106.522755) Primary .csv",0,5.2512767766066,3.345
"506","ry/Western Hills E.S B (undefined) (31.84122 -106.522755) Primary .csv",1,5.97212950373895,3.3
"507","ry/Western Hills E.S B (undefined) (31.84122 -106.522755) Primary .csv",2,7.95554280821918,3.53
"508","ry/Western Hills E.S B (undefined) (31.84122 -106.522755) Primary .csv",3,7.5524591010849,3.4
"509","ry/Western Hills E.S B (undefined) (31.84122 -106.522755) Primary .csv",4,6.73935886476321,3.24
"510","ry/Western Hills E.S B (undefined) (31.84122 -106.522755) Primary .csv",5,7.01769165101588,3.03
"511","ry/Western Hills E.S B (undefined) (31.84122 -106.522755) Primary .csv",6,6.94186437797417,3.11
"512","ry/Western Hills E.S B (undefined) (31.84122 -106.522755) Primary .csv",7,6.50922416694716,3
"513","ry/Western Hills E.S B (undefined) (31.84122 -106.522755) Primary .csv",8,6.90306025727827,3.03
"514","ry/Western Hills E.S B (undefined) (31.84122 -106.522755) Primary .csv",9,6.78968845242127,3.04
"515","ry/Western Hills E.S B (undefined) (31.84122 -106.522755) Primary .csv",10,6.39179945982444,2.91
"516","ry/Western Hills E.S B (undefined) (31.84122 -106.522755) Primary .csv",11,6.21385622025833,3.2
"517","ry/Western Hills E.S B (undefined) (31.84122 -106.522755) Primary .csv",12,6.08459150605492,3.23
"518","ry/Western Hills E.S B (undefined) (31.84122 -106.522755) Primary .csv",13,6.39680187730473,3.36
"519","ry/Western Hills E.S B (undefined) (31.84122 -106.522755) Primary .csv",14,6.47827457627119,3.495
"520","ry/Western Hills E.S B (undefined) (31.84122 -106.522755) Primary .csv",15,6.4017136922278,3.69
"521","ry/Western Hills E.S B (undefined) (31.84122 -106.522755) Primary .csv",16,6.34473860589812,3.58
"522","ry/Western Hills E.S B (undefined) (31.84122 -106.522755) Primary .csv",17,5.93645957587807,3.545
"523","ry/Western Hills E.S B (undefined) (31.84122 -106.522755) Primary .csv",18,4.90729107589658,3.18
"524","ry/Western Hills E.S B (undefined) (31.84122 -106.522755) Primary .csv",19,4.565468724075,2.88
"525","ry/Western Hills E.S B (undefined) (31.84122 -106.522755) Primary .csv",20,4.7098798999166,2.53
"526","ry/Western Hills E.S B (undefined) (31.84122 -106.522755) Primary .csv",21,4.44536184210526,2.56
"527","ry/Western Hills E.S B (undefined) (31.84122 -106.522755) Primary .csv",22,4.23792927575654,2.47
"528","ry/Western Hills E.S B (undefined) (31.84122 -106.522755) Primary .csv",23,4.53900760777684,2.68
"529","ry/Whitaker ES (outside) (31.875582 -106.432343) Primary ",0,5.76321034905083,3.71
"530","ry/Whitaker ES (outside) (31.875582 -106.432343) Primary ",1,6.84047042598835,4.16
"531","ry/Whitaker ES (outside) (31.875582 -106.432343) Primary ",2,8.9750015417823,4.07
"532","ry/Whitaker ES (outside) (31.875582 -106.432343) Primary ",3,8.27506662582325,4.07
"533","ry/Whitaker ES (outside) (31.875582 -106.432343) Primary ",4,7.69401010564998,3.98
"534","ry/Whitaker ES (outside) (31.875582 -106.432343) Primary ",5,7.9587538273117,3.97
"535","ry/Whitaker ES (outside) (31.875582 -106.432343) Primary ",6,7.9676667177679,4.07
"536","ry/Whitaker ES (outside) (31.875582 -106.432343) Primary ",7,7.65947819433818,4.12
"537","ry/Whitaker ES (outside) (31.875582 -106.432343) Primary ",8,7.79904105392157,3.98
"538","ry/Whitaker ES (outside) (31.875582 -106.432343) Primary ",9,7.41821078431373,3.885
"539","ry/Whitaker ES (outside) (31.875582 -106.432343) Primary ",10,7.49779957094698,4.2
"540","ry/Whitaker ES (outside) (31.875582 -106.432343) Primary ",11,7.53187375211181,4.51
"541","ry/Whitaker ES (outside) (31.875582 -106.432343) Primary ",12,7.55266758494031,4.62
"542","ry/Whitaker ES (outside) (31.875582 -106.432343) Primary ",13,7.65653129770992,4.78
"543","ry/Whitaker ES (outside) (31.875582 -106.432343) Primary ",14,7.3781236673774,4.69
"544","ry/Whitaker ES (outside) (31.875582 -106.432343) Primary ",15,6.95002447980416,4.32
"545","ry/Whitaker ES (outside) (31.875582 -106.432343) Primary ",16,6.90914329268293,3.81
"546","ry/Whitaker ES (outside) (31.875582 -106.432343) Primary ",17,5.9469117871885,3.73
"547","ry/Whitaker ES (outside) (31.875582 -106.432343) Primary ",18,4.99585425974426,3.53
"548","ry/Whitaker ES (outside) (31.875582 -106.432343) Primary ",19,4.61469302969688,3.21
"549","ry/Whitaker ES (outside) (31.875582 -106.432343) Primary ",20,5.16349954114408,2.98
"550","ry/Whitaker ES (outside) (31.875582 -106.432343) Primary ",21,4.47849467275495,2.93
"551","ry/Whitaker ES (outside) (31.875582 -106.432343) Primary ",22,4.21757856383786,2.73
"552","ry/Whitaker ES (outside) (31.875582 -106.432343) Primary ",23,4.64027705495178,3.05
"553","ry/Whitaker ES B (undefined) (31.875582 -106.432343) Primary ",0,884.208824429818,7.97
"554","ry/Whitaker ES B (undefined) (31.875582 -106.432343) Primary ",1,895.225089600245,9.68
"555","ry/Whitaker ES B (undefined) (31.875582 -106.432343) Primary ",2,911.328355720241,12
"556","ry/Whitaker ES B (undefined) (31.875582 -106.432343) Primary ",3,920.288771283939,12
"557","ry/Whitaker ES B (undefined) (31.875582 -106.432343) Primary ",4,934.032627871363,12.435
"558","ry/Whitaker ES B (undefined) (31.875582 -106.432343) Primary ",5,964.547541813718,11.71
"559","ry/Whitaker ES B (undefined) (31.875582 -106.432343) Primary ",6,968.53288670857,11.52
"560","ry/Whitaker ES B (undefined) (31.875582 -106.432343) Primary ",7,972.81659202454,11.21
"561","ry/Whitaker ES B (undefined) (31.875582 -106.432343) Primary ",8,990.011766146312,12.275
"562","ry/Whitaker ES B (undefined) (31.875582 -106.432343) Primary ",9,1000.49174352689,10.55
"563","ry/Whitaker ES B (undefined) (31.875582 -106.432343) Primary ",10,1020.43211261123,10.735
"564","ry/Whitaker ES B (undefined) (31.875582 -106.432343) Primary ",11,1018.26048300261,9.58
"565","ry/Whitaker ES B (undefined) (31.875582 -106.432343) Primary ",12,1025.36511560251,10.5
"566","ry/Whitaker ES B (undefined) (31.875582 -106.432343) Primary ",13,1041.98676704372,10.76
"567","ry/Whitaker ES B (undefined) (31.875582 -106.432343) Primary ",14,1031.89099893406,9.72
"568","ry/Whitaker ES B (undefined) (31.875582 -106.432343) Primary ",15,1017.21235870731,7.9
"569","ry/Whitaker ES B (undefined) (31.875582 -106.432343) Primary ",16,993.548119280049,6.665
"570","ry/Whitaker ES B (undefined) (31.875582 -106.432343) Primary ",17,981.375506425949,6.08
"571","ry/Whitaker ES B (undefined) (31.875582 -106.432343) Primary ",18,967.655154877485,5.63
"572","ry/Whitaker ES B (undefined) (31.875582 -106.432343) Primary ",19,920.199031115219,4.93
"573","ry/Whitaker ES B (undefined) (31.875582 -106.432343) Primary ",20,895.606736036725,4.96
"574","ry/Whitaker ES B (undefined) (31.875582 -106.432343) Primary ",21,878.703115677321,4.59
"575","ry/Whitaker ES B (undefined) (31.875582 -106.432343) Primary ",22,868.611140124488,4.46
"576","ry/Whitaker ES B (undefined) (31.875582 -106.432343) Primary ",23,868.506311600857,5.94
"577","ry/Zach White E.S. (outside) (31.820733 -106.571813) Primary ",0,5.08326612903226,3.16
"578","ry/Zach White E.S. (outside) (31.820733 -106.571813) Primary ",1,6.09890158400415,3.53
"579","ry/Zach White E.S. (outside) (31.820733 -106.571813) Primary ",2,8.19237803287242,4.185
"580","ry/Zach White E.S. (outside) (31.820733 -106.571813) Primary ",3,8.46923647242456,4.6
"581","ry/Zach White E.S. (outside) (31.820733 -106.571813) Primary ",4,8.27938968965069,4.7
"582","ry/Zach White E.S. (outside) (31.820733 -106.571813) Primary ",5,8.75381526104418,4.85
"583","ry/Zach White E.S. (outside) (31.820733 -106.571813) Primary ",6,8.27838822614108,4.54
"584","ry/Zach White E.S. (outside) (31.820733 -106.571813) Primary ",7,7.70761403508772,4.27
"585","ry/Zach White E.S. (outside) (31.820733 -106.571813) Primary ",8,7.79197817898428,4.22
"586","ry/Zach White E.S. (outside) (31.820733 -106.571813) Primary ",9,7.60141708803319,4.19
"587","ry/Zach White E.S. (outside) (31.820733 -106.571813) Primary ",10,7.48402178140801,4.14
"588","ry/Zach White E.S. (outside) (31.820733 -106.571813) Primary ",11,7.40399844216539,4.19
"589","ry/Zach White E.S. (outside) (31.820733 -106.571813) Primary ",12,7.33695499935158,4.51
"590","ry/Zach White E.S. (outside) (31.820733 -106.571813) Primary ",13,7.66434816347646,4.52
"591","ry/Zach White E.S. (outside) (31.820733 -106.571813) Primary ",14,7.52997926924074,4.53
"592","ry/Zach White E.S. (outside) (31.820733 -106.571813) Primary ",15,7.11230859375,4.25
"593","ry/Zach White E.S. (outside) (31.820733 -106.571813) Primary ",16,6.4569194622112,3.77
"594","ry/Zach White E.S. (outside) (31.820733 -106.571813) Primary ",17,6.11812304890739,3.78
"595","ry/Zach White E.S. (outside) (31.820733 -106.571813) Primary ",18,5.86555151829743,3.535
"596","ry/Zach White E.S. (outside) (31.820733 -106.571813) Primary ",19,4.93054666146037,3.05
"597","ry/Zach White E.S. (outside) (31.820733 -106.571813) Primary ",20,4.51809901247401,2.72
"598","ry/Zach White E.S. (outside) (31.820733 -106.571813) Primary ",21,4.5422985229334,2.66
"599","ry/Zach White E.S. (outside) (31.820733 -106.571813) Primary ",22,3.95993233571893,2.47
"600","ry/Zach White E.S. (outside) (31.820733 -106.571813) Primary ",23,4.10185604581544,2.66
"601","ry/Zach White E.S. B (undefined) (31.820733 -106.571813) Primary ",0,4.9150885647304,2.96
"602","ry/Zach White E.S. B (undefined) (31.820733 -106.571813) Primary ",1,5.9524358309567,3.305
"603","ry/Zach White E.S. B (undefined) (31.820733 -106.571813) Primary ",2,8.16433259539003,4.05
"604","ry/Zach White E.S. B (undefined) (31.820733 -106.571813) Primary ",3,8.30616664500195,4.28
"605","ry/Zach White E.S. B (undefined) (31.820733 -106.571813) Primary ",4,8.11440321743643,4.47
"606","ry/Zach White E.S. B (undefined) (31.820733 -106.571813) Primary ",5,8.55540817650876,4.62
"607","ry/Zach White E.S. B (undefined) (31.820733 -106.571813) Primary ",6,8.08021028037383,4.29
"608","ry/Zach White E.S. B (undefined) (31.820733 -106.571813) Primary ",7,7.52126848249027,3.98
"609","ry/Zach White E.S. B (undefined) (31.820733 -106.571813) Primary ",8,7.55580083203328,3.95
"610","ry/Zach White E.S. B (undefined) (31.820733 -106.571813) Primary ",9,7.39052208835341,3.93
"611","ry/Zach White E.S. B (undefined) (31.820733 -106.571813) Primary ",10,7.23980906611248,3.85
"612","ry/Zach White E.S. B (undefined) (31.820733 -106.571813) Primary ",11,7.12967042947969,3.9
"613","ry/Zach White E.S. B (undefined) (31.820733 -106.571813) Primary ",12,7.08196525797252,4.145
"614","ry/Zach White E.S. B (undefined) (31.820733 -106.571813) Primary ",13,7.36408556287967,4.21
"615","ry/Zach White E.S. B (undefined) (31.820733 -106.571813) Primary ",14,7.23071678548283,4.15
"616","ry/Zach White E.S. B (undefined) (31.820733 -106.571813) Primary ",15,6.79410453597497,3.83
"617","ry/Zach White E.S. B (undefined) (31.820733 -106.571813) Primary ",16,6.1243291568781,3.34
"618","ry/Zach White E.S. B (undefined) (31.820733 -106.571813) Primary ",17,5.82592356687898,3.42
"619","ry/Zach White E.S. B (undefined) (31.820733 -106.571813) Primary ",18,5.6265039594963,3.19
"620","ry/Zach White E.S. B (undefined) (31.820733 -106.571813) Primary ",19,4.65945868575146,2.75
"621","ry/Zach White E.S. B (undefined) (31.820733 -106.571813) Primary ",20,4.28398544131028,2.45
"622","ry/Zach White E.S. B (undefined) (31.820733 -106.571813) Primary ",21,4.32027219701879,2.36
"623","ry/Zach White E.S. B (undefined) (31.820733 -106.571813) Primary ",22,3.74383884405103,2.23
"624","ry/Zach White E.S. B (undefined) (31.820733 -106.571813) Primary ",23,3.91707676267431,2.48
"625","ry/Zavala 2 (outside) (31.771832 -106.447092) Primary ",0,300.778401365823,3.5
"626","ry/Zavala 2 (outside) (31.771832 -106.447092) Primary ",1,325.870411387455,4.19
"627","ry/Zavala 2 (outside) (31.771832 -106.447092) Primary ",2,337.483485921032,4.92
"628","ry/Zavala 2 (outside) (31.771832 -106.447092) Primary ",3,342.670829543673,5.44
"629","ry/Zavala 2 (outside) (31.771832 -106.447092) Primary ",4,349.352310819262,5.575
"630","ry/Zavala 2 (outside) (31.771832 -106.447092) Primary ",5,352.314240763932,5.685
"631","ry/Zavala 2 (outside) (31.771832 -106.447092) Primary ",6,350.103366212619,5.08
"632","ry/Zavala 2 (outside) (31.771832 -106.447092) Primary ",7,352.292656543519,5.47
"633","ry/Zavala 2 (outside) (31.771832 -106.447092) Primary ",8,351.295743148003,5.22
"634","ry/Zavala 2 (outside) (31.771832 -106.447092) Primary ",9,355.559357769424,4.95
"635","ry/Zavala 2 (outside) (31.771832 -106.447092) Primary ",10,362.531091279161,4.75
"636","ry/Zavala 2 (outside) (31.771832 -106.447092) Primary ",11,366.006896605662,4.93
"637","ry/Zavala 2 (outside) (31.771832 -106.447092) Primary ",12,367.066140021878,5.59
"638","ry/Zavala 2 (outside) (31.771832 -106.447092) Primary ",13,383.477462103454,6.16
"639","ry/Zavala 2 (outside) (31.771832 -106.447092) Primary ",14,381.811546407889,6.2
"640","ry/Zavala 2 (outside) (31.771832 -106.447092) Primary ",15,363.039810433965,4.97
"641","ry/Zavala 2 (outside) (31.771832 -106.447092) Primary ",16,329.881648969394,4.53
"642","ry/Zavala 2 (outside) (31.771832 -106.447092) Primary ",17,297.796590980269,3.95
"643","ry/Zavala 2 (outside) (31.771832 -106.447092) Primary ",18,285.11273381295,3.67
"644","ry/Zavala 2 (outside) (31.771832 -106.447092) Primary ",19,280.941147260274,3.14
"645","ry/Zavala 2 (outside) (31.771832 -106.447092) Primary ",20,280.221210280374,2.91
"646","ry/Zavala 2 (outside) (31.771832 -106.447092) Primary ",21,279.926547545059,2.61
"647","ry/Zavala 2 (outside) (31.771832 -106.447092) Primary ",22,286.872748638132,2.39
"648","ry/Zavala 2 (outside) (31.771832 -106.447092) Primary ",23,294.111356432567,2.685
"649","ry/Zavala 2 B (undefined) (31.771832 -106.447092) Primary ",0,4.25748368044762,2.25
"650","ry/Zavala 2 B (undefined) (31.771832 -106.447092) Primary ",1,4.95157911194497,2.59
"651","ry/Zavala 2 B (undefined) (31.771832 -106.447092) Primary ",2,7.13315979867883,3.21
"652","ry/Zavala 2 B (undefined) (31.771832 -106.447092) Primary ",3,6.99908777429467,3.38
"653","ry/Zavala 2 B (undefined) (31.771832 -106.447092) Primary ",4,6.62470045362115,3.46
"654","ry/Zavala 2 B (undefined) (31.771832 -106.447092) Primary ",5,7.18440526563235,3.6
"655","ry/Zavala 2 B (undefined) (31.771832 -106.447092) Primary ",6,6.72706453634085,3.29
"656","ry/Zavala 2 B (undefined) (31.771832 -106.447092) Primary ",7,6.22276985743381,3.2
"657","ry/Zavala 2 B (undefined) (31.771832 -106.447092) Primary ",8,6.49283054295103,3.18
"658","ry/Zavala 2 B (undefined) (31.771832 -106.447092) Primary ",9,6.17126332288401,3.14
"659","ry/Zavala 2 B (undefined) (31.771832 -106.447092) Primary ",10,5.85160244360902,3.055
"660","ry/Zavala 2 B (undefined) (31.771832 -106.447092) Primary ",11,5.80243971186971,3.15
"661","ry/Zavala 2 B (undefined) (31.771832 -106.447092) Primary ",12,6.07972178805877,3.84
"662","ry/Zavala 2 B (undefined) (31.771832 -106.447092) Primary ",13,6.32344121325829,4.02
"663","ry/Zavala 2 B (undefined) (31.771832 -106.447092) Primary ",14,6.29867303775654,3.67
"664","ry/Zavala 2 B (undefined) (31.771832 -106.447092) Primary ",15,6.03059755332497,3.09
"665","ry/Zavala 2 B (undefined) (31.771832 -106.447092) Primary ",16,5.56679749804535,2.82
"666","ry/Zavala 2 B (undefined) (31.771832 -106.447092) Primary ",17,5.16678935003915,2.65
"667","ry/Zavala 2 B (undefined) (31.771832 -106.447092) Primary ",18,4.66462476547842,2.385
"668","ry/Zavala 2 B (undefined) (31.771832 -106.447092) Primary ",19,4.70886671862822,2.07
"669","ry/Zavala 2 B (undefined) (31.771832 -106.447092) Primary ",20,4.21228100202272,1.87
"670","ry/Zavala 2 B (undefined) (31.771832 -106.447092) Primary ",21,3.56553049159925,1.79
"671","ry/Zavala 2 B (undefined) (31.771832 -106.447092) Primary ",22,3.23234340916173,1.55
"672","ry/Zavala 2 B (undefined) (31.771832 -106.447092) Primary ",23,3.74240248640249,1.73
"673","ry/Zavala E.S (outside) (31.771649 -106.447023) Primary ",0,4.93263353617309,3.17
"674","ry/Zavala E.S (outside) (31.771649 -106.447023) Primary ",1,5.93062118816354,3.6
"675","ry/Zavala E.S (outside) (31.771649 -106.447023) Primary ",2,8.04196550158874,4.18
"676","ry/Zavala E.S (outside) (31.771649 -106.447023) Primary ",3,8.05770571590266,4.47
"677","ry/Zavala E.S (outside) (31.771649 -106.447023) Primary ",4,7.73953112642639,4.47
"678","ry/Zavala E.S (outside) (31.771649 -106.447023) Primary ",5,7.97027893845285,4.48
"679","ry/Zavala E.S (outside) (31.771649 -106.447023) Primary ",6,7.54262502828694,4.1
"680","ry/Zavala E.S (outside) (31.771649 -106.447023) Primary ",7,7.05707386042303,3.98
"681","ry/Zavala E.S (outside) (31.771649 -106.447023) Primary ",8,7.07275093357474,3.78
"682","ry/Zavala E.S (outside) (31.771649 -106.447023) Primary ",9,6.74050904977376,3.745
"683","ry/Zavala E.S (outside) (31.771649 -106.447023) Primary ",10,6.50215788283194,3.69
"684","ry/Zavala E.S (outside) (31.771649 -106.447023) Primary ",11,6.53867627041742,3.86
"685","ry/Zavala E.S (outside) (31.771649 -106.447023) Primary ",12,6.80066530658506,4.42
"686","ry/Zavala E.S (outside) (31.771649 -106.447023) Primary ",13,7.14079036635007,4.65
"687","ry/Zavala E.S (outside) (31.771649 -106.447023) Primary ",14,7.23894599796219,4.57
"688","ry/Zavala E.S (outside) (31.771649 -106.447023) Primary ",15,6.94400295420975,4.15
"689","ry/Zavala E.S (outside) (31.771649 -106.447023) Primary ",16,6.43049852373382,3.8
"690","ry/Zavala E.S (outside) (31.771649 -106.447023) Primary ",17,6.13352144726363,3.75
"691","ry/Zavala E.S (outside) (31.771649 -106.447023) Primary ",18,5.70038012027686,3.43
"692","ry/Zavala E.S (outside) (31.771649 -106.447023) Primary ",19,5.0443813088352,3.1
"693","ry/Zavala E.S (outside) (31.771649 -106.447023) Primary ",20,4.75375552783762,2.89
"694","ry/Zavala E.S (outside) (31.771649 -106.447023) Primary ",21,4.39447671790235,2.78
"695","ry/Zavala E.S (outside) (31.771649 -106.447023) Primary ",22,4.10035742473785,2.62
"696","ry/Zavala E.S (outside) (31.771649 -106.447023) Primary ",23,4.35317215787698,2.74
"697","ry/Zavala E.S B (undefined) (31.771649 -106.447023) Primary ",0,5.09540126239856,3.19
"698","ry/Zavala E.S B (undefined) (31.771649 -106.447023) Primary ",1,6.16503105590062,3.64
"699","ry/Zavala E.S B (undefined) (31.771649 -106.447023) Primary ",2,8.28123951009299,4.15
"700","ry/Zavala E.S B (undefined) (31.771649 -106.447023) Primary ",3,8.25687160940326,4.495
"701","ry/Zavala E.S B (undefined) (31.771649 -106.447023) Primary ",4,7.95343887820875,4.53
"702","ry/Zavala E.S B (undefined) (31.771649 -106.447023) Primary ",5,8.19955774233684,4.55
"703","ry/Zavala E.S B (undefined) (31.771649 -106.447023) Primary ",6,7.72003509169119,4.17
"704","ry/Zavala E.S B (undefined) (31.771649 -106.447023) Primary ",7,7.26215739484396,4.06
"705","ry/Zavala E.S B (undefined) (31.771649 -106.447023) Primary ",8,7.26395025438101,3.86
"706","ry/Zavala E.S B (undefined) (31.771649 -106.447023) Primary ",9,6.91440561022509,3.79
"707","ry/Zavala E.S B (undefined) (31.771649 -106.447023) Primary ",10,6.70827242900781,3.74
"708","ry/Zavala E.S B (undefined) (31.771649 -106.447023) Primary ",11,6.75573697946216,4.02
"709","ry/Zavala E.S B (undefined) (31.771649 -106.447023) Primary ",12,7.00947082152974,4.58
"710","ry/Zavala E.S B (undefined) (31.771649 -106.447023) Primary ",13,7.30686227951153,4.77
"711","ry/Zavala E.S B (undefined) (31.771649 -106.447023) Primary ",14,7.37177936346132,4.67
"712","ry/Zavala E.S B (undefined) (31.771649 -106.447023) Primary ",15,7.02647941778485,4.1
"713","ry/Zavala E.S B (undefined) (31.771649 -106.447023) Primary ",16,6.46737057220708,3.71
"714","ry/Zavala E.S B (undefined) (31.771649 -106.447023) Primary ",17,6.16096777866333,3.63
"715","ry/Zavala E.S B (undefined) (31.771649 -106.447023) Primary ",18,5.76757892346128,3.32
"716","ry/Zavala E.S B (undefined) (31.771649 -106.447023) Primary ",19,5.10096744924578,3
"717","ry/Zavala E.S B (undefined) (31.771649 -106.447023) Primary ",20,4.83605875014177,2.82
"718","ry/Zavala E.S B (undefined) (31.771649 -106.447023) Primary ",21,4.49645649717514,2.75
"719","ry/Zavala E.S B (undefined) (31.771649 -106.447023) Primary ",22,4.18933664259928,2.58
"720","ry/Zavala E.S B (undefined) (31.771649 -106.447023) Primary ",23,4.50132478632479,2.76
